[
  {
    "id": "4796d123-b367-45ec-b90b-9fe96d79aaf0",
    "data": [
      {
        "text": "Tell me about my trends",
        "userDefined": false
      }
    ],
    "isTemplate": false,
    "count": 0,
    "updated": 0
  },
  {
    "id": "c349c658-4f3c-4455-b144-4a3e7853c610",
    "data": [
      {
        "text": "Tell me about myself",
        "userDefined": false
      }
    ],
    "isTemplate": false,
    "count": 0,
    "updated": 0
  },
  {
    "id": "62fc1418-0ba3-4ae4-b539-0084d26d9d6e",
    "data": [
      {
        "text": "I want to see my diary patterns",
        "userDefined": false
      }
    ],
    "isTemplate": false,
    "count": 0,
    "updated": 0
  },
  {
    "id": "b42a8398-31dd-4c97-8eea-ed665dc7b0d7",
    "data": [
      {
        "text": "Get my diary trends",
        "userDefined": false
      }
    ],
    "isTemplate": false,
    "count": 0,
    "updated": 0
  },
  {
    "id": "be008c5f-7827-4903-a9b6-795186bd1f5e",
    "data": [
      {
        "text": "Analyze me",
        "userDefined": false
      }
    ],
    "isTemplate": false,
    "count": 0,
    "updated": 0
  },
  {
    "id": "2e7b7321-25ac-43c2-a9da-c21da26964c6",
    "data": [
      {
        "text": "Show me my analysis",
        "userDefined": false
      }
    ],
    "isTemplate": false,
    "count": 0,
    "updated": 0
  },
  {
    "id": "d12cdfa0-8012-4b19-ac8c-f5f82156b320",
    "data": [
      {
        "text": "Get my trends",
        "userDefined": false
      }
    ],
    "isTemplate": false,
    "count": 0,
    "updated": 0
  }
]