[
  {
    "id": "0b79913d-6a50-49d7-8f69-3de048d55815",
    "data": [
      {
        "text": "End",
        "userDefined": false
      }
    ],
    "isTemplate": false,
    "count": 0,
    "updated": 0
  },
  {
    "id": "826dedfe-ac7f-4492-93b1-57e4fcb92a3b",
    "data": [
      {
        "text": "I\u0027m done.",
        "userDefined": false
      }
    ],
    "isTemplate": false,
    "count": 0,
    "updated": 0
  },
  {
    "id": "b4c4b7e7-df92-422e-935d-ec23e9127557",
    "data": [
      {
        "text": "Adios",
        "userDefined": false
      }
    ],
    "isTemplate": false,
    "count": 0,
    "updated": 0
  },
  {
    "id": "aed80d11-e35d-4a54-87a1-791e41b17e9f",
    "data": [
      {
        "text": "Goodbye",
        "userDefined": false
      }
    ],
    "isTemplate": false,
    "count": 0,
    "updated": 0
  },
  {
    "id": "80b1f203-4223-45e8-affb-e9d3ed1930db",
    "data": [
      {
        "text": "Quit",
        "userDefined": false
      }
    ],
    "isTemplate": false,
    "count": 0,
    "updated": 0
  },
  {
    "id": "0fe74a10-bc88-4adf-aca0-3bce24226f38",
    "data": [
      {
        "text": "Exit",
        "userDefined": false
      }
    ],
    "isTemplate": false,
    "count": 0,
    "updated": 0
  },
  {
    "id": "8cb9f2be-2bd9-4e3e-a4ef-bcce07e726d3",
    "data": [
      {
        "text": "Talk to you later",
        "userDefined": false
      }
    ],
    "isTemplate": false,
    "count": 0,
    "updated": 0
  }
]